date,open,high,low,close,volume,price_change,sma_7,sma_30
2024-12-10,97441.234375,98270.15625,94321.2578125,96675.4296875,104823780634,-0.007772430783165474,98650.04464285714,94893.08020833334
2024-12-11,96656.0625,101913.359375,95747.2265625,101173.03125,85391409936,0.04652269534294651,98993.54464285714,95308.7984375
2024-12-12,101167.8046875,102524.9140625,99339.953125,100043.0,72073983533,-0.011169293200355757,99486.3203125,95711.7046875
2024-12-13,100046.6484375,101888.8046875,99233.28125,101459.2578125,56894751583,0.014156490833941326,99706.11272321429,96074.2078125
2024-12-14,101451.4375,102618.8828125,100634.0546875,101372.96875,40422968793,-0.0008504799301751742,99913.203125,96544.95911458334
2024-12-15,101373.53125,105047.5390625,101227.03125,104298.6953125,51145914137,0.02886101293644905,100350.72879464286,96986.04869791666
2024-12-16,104293.578125,107780.578125,103322.984375,106029.71875,91020417816,0.016596788984881483,101578.87165178571,97501.75677083334
2024-12-17,106030.6875,108268.4453125,105291.734375,106140.6015625,68589364868,0.001045771070669721,102931.0390625,98044.91510416666
2024-12-18,106147.296875,106470.609375,100041.5390625,100041.5390625,93865656139,-0.057462106019896764,102769.39732142857,98361.54505208334
2024-12-19,100070.6875,102748.1484375,95587.6796875,97490.953125,97221662392,-0.025495268879325628,102404.81919642857,98533.1171875
2024-12-20,97484.6953125,98098.9140625,92175.1796875,97755.9296875,105634083408,0.002717960528709318,101875.77232142857,98646.9984375
2024-12-21,97756.1953125,99507.1015625,96426.5234375,97224.7265625,51765334294,-0.005433973434635808,101283.16629464286,98604.33177083333
2024-12-22,97218.3203125,97360.265625,94202.1875,95104.9375,43147981314,-0.021802983021374844,99969.77232142857,98474.57421875
2024-12-23,95099.390625,96416.2109375,92403.1328125,94686.2421875,65239002919,-0.004402456102765462,98349.27566964286,98371.53958333333
2024-12-24,94684.34375,99404.0625,93448.015625,98676.09375,47114953674,0.04213760595334648,97282.91741071429,98393.61536458334
2024-12-25,98675.9140625,99478.75,97593.46875,99299.1953125,33700394629,0.0063146152104343045,97176.86830357143,98600.17864583334
2024-12-26,99297.6953125,99884.5703125,95137.8828125,95795.515625,47054980873,-0.03528406928650052,96934.66294642857,98727.18515625
2024-12-27,95704.9765625,97294.84375,93310.7421875,94164.859375,52419934565,-0.017022260795415023,96421.65290178571,98667.26276041666
2024-12-28,94160.1875,95525.8984375,94014.2890625,95163.9296875,24107436185,0.010609799867287384,96127.25334821429,98650.978125
2024-12-29,95174.0546875,95174.875,92881.7890625,93530.2265625,29635885267,-0.017167251608511402,95902.29464285714,98519.93489583333
2024-12-30,93527.1953125,94903.3203125,91317.1328125,92643.2109375,56188003691,-0.00948373223930199,95610.43303571429,98393.0734375
2024-12-31,92643.25,96090.6015625,91914.03125,93429.203125,43625106843,0.008484077565384274,94860.87723214286,98264.72057291666
2025-01-01,93425.1015625,94929.8671875,92788.125,94419.7578125,24519888919,0.010602195613021781,94163.81473214286,98216.53567708333
2025-01-02,94416.2890625,97739.8203125,94201.5703125,96886.875,46009564411,0.026129247147606893,94319.72321428571,98246.02604166667
2025-01-03,96881.7265625,98956.9140625,96034.6171875,98107.4296875,35611391163,0.012597729955682757,94882.94754464286,98223.98932291666
2025-01-04,98106.9921875,98734.4296875,97562.9765625,98236.2265625,22342608078,0.0013128146911018934,95321.84709821429,98278.74453125
2025-01-05,98233.90625,98813.3046875,97291.765625,98314.9609375,20525254825,0.0008014800420892421,96005.38058035714,98225.21953125
2025-01-06,98314.953125,102482.875,97926.1484375,102078.0859375,51823432705,0.03827621924594227,97353.21986607143,98297.04453125
2025-01-07,102248.8515625,102712.484375,96132.875,96922.703125,58685738547,-0.05050430525956884,97852.29129464286,98153.26744791666
2025-01-08,96924.1640625,97258.3203125,92525.84375,95043.5234375,63875859171,-0.019388436629511285,97941.40066964286,98073.62760416667
2025-01-09,95043.484375,95349.71875,91220.84375,92484.0390625,62777261693,-0.026929603222076492,97312.42410714286,97933.91458333333
2025-01-10,92494.4921875,95770.609375,92250.09375,94701.453125,62058693684,0.023976181025154863,96825.85602678571,97718.1953125
2025-01-11,94700.8359375,94977.6875,93840.046875,94566.59375,18860894100,-0.001424047578467369,96301.62276785714,97535.6484375
2025-01-12,94565.7265625,95367.5390625,93712.5078125,94488.4375,20885130965,-0.0008264678561502592,95754.9765625,97303.28776041667
2025-01-13,94488.890625,95837.0,89260.1015625,94516.5234375,72978998252,0.00029724205673309356,94674.75334821429,97074.73958333333
2025-01-14,94519.0078125,97352.6640625,94322.15625,96534.046875,53769675818,0.021345722040169157,94619.23102678571,96815.91796875
2025-01-15,96534.046875,100697.234375,96501.640625,100504.4921875,57805923627,0.041129999632577796,95399.36941964286,96631.74375
2025-01-16,100505.296875,100781.5859375,97364.4453125,99756.90625,54103781805,-0.0074383335632930425,96438.35044642857,96418.95390625
2025-01-17,100025.765625,105884.2265625,99948.90625,104462.0390625,71888972663,0.04716598568833419,97832.71986607143,96566.30390625
2025-01-18,104124.953125,104913.203125,102226.6171875,104408.0703125,50445655726,-0.000516635042589142,99238.64508928571,96796.87447916667
2025-01-19,104411.2890625,106299.796875,99570.53125,101089.609375,76789928525,-0.03178356737719257,100181.66964285714,96907.99713541666
2025-01-20,101083.75,109114.8828125,99471.359375,102016.6640625,126279678351,0.009170622908047932,101253.11830357143,97067.72838541666
2025-01-21,102052.578125,107180.921875,100103.953125,106146.265625,88733878242,0.040479676535688514,102626.29241071429,97435.77265625
2025-01-22,106136.3828125,106294.34375,103360.265625,103653.0703125,53878181052,-0.023488299826845638,103076.08928571429,97734.66692708334
2025-01-23,103657.671875,106820.328125,101257.8046875,103960.171875,104104515428,0.002962783076025932,103676.55580357143,97910.80286458334
2025-01-24,103965.671875,107098.546875,102772.125,104819.484375,52388229265,0.008265785680243276,103727.61941964286,98094.8125
2025-01-25,104824.03125,105243.7890625,104120.375,104714.6484375,23888996502,-0.0010001569662844156,103771.41629464286,98392.11692708333
2025-01-26,104713.2109375,105438.6484375,102507.7109375,102682.5,22543395879,-0.019406534499448846,103998.97209821429,98676.03828125
2025-01-27,102680.3046875,103214.109375,97795.9375,102087.6875,89006608428,-0.005792734886665207,104009.11830357143,98906.83020833334
2025-01-28,102095.4140625,103730.8203125,100238.1875,101332.4765625,47180685494,-0.007397669160641884,103321.43415178571,99166.90520833334
2025-01-29,101317.5234375,104750.8046875,101283.8203125,103703.2109375,47432049818,0.023395602825692086,103328.59709821429,99535.571875
2025-01-30,103709.3359375,106418.765625,103321.6484375,104735.3046875,41915744521,0.009952379879751394,103439.33035714286,99912.44192708333
2025-01-31,104737.5625,106026.3515625,101543.8828125,102405.0234375,45732764360,-0.022249243050878498,103094.40736607143,100178.61744791667
2025-02-01,102402.796875,102755.7265625,100297.7109375,100655.90625,27757944848,-0.017080384621634526,102514.58705357143,100304.25182291666
2025-02-02,100661.5390625,101430.6640625,96216.078125,97688.9765625,63091816853,-0.02947596219670423,101801.2265625,100290.30338541667
2025-02-03,97681.1015625,102514.171875,91242.890625,101405.421875,115400897748,0.03804365081173988,101703.76004464286,100395.94322916666
2025-02-04,101398.71875,101745.6171875,96208.109375,97871.8203125,73002130211,-0.034846278405663456,101209.38058035714,100381.171875
2025-02-05,97878.0078125,99113.2109375,96174.828125,96615.4453125,49125911241,-0.012836943218062724,100196.84263392857,100199.08385416666
2025-02-06,96610.640625,99168.609375,95707.3515625,96593.296875,45302471947,-0.00022924323774897726,99033.69866071429,100188.10364583334
2025-02-07,96581.3203125,100154.140625,95653.8828125,96529.0859375,55741290456,-0.0006647556256734743,98194.27901785714,100237.62239583333
2025-02-08,96533.2578125,96877.8046875,95702.4921875,96482.453125,22447526395,-0.00048309597099249757,97598.07142857143,100370.90286458333
2025-02-09,96481.3125,97325.28125,94745.2578125,96500.09375,27732901800,0.00018283765004545316,97428.23102678571,100430.85755208334
2025-02-10,96499.4609375,98333.21875,95320.84375,97437.5546875,40078962391,0.009714611676219231,96861.39285714286,100526.55625
2025-02-11,97438.1328125,98492.8984375,94875.0390625,95747.4296875,37488783272,-0.017345724709743937,96557.90848214286,100568.52265625
2025-02-12,95745.6953125,98151.0234375,94101.203125,97885.859375,49340445530,0.02233406885677658,96739.39620535714,100680.83385416666
2025-02-13,97888.75,98111.0859375,95269.7109375,96623.8671875,37147280860,-0.012892487184132717,96743.76339285714,100683.82786458333
2025-02-14,96623.3671875,98819.46875,96342.8046875,97508.96875,32697987277,0.009160278803397981,96883.74665178571,100583.97708333333
2025-02-15,97508.3828125,97975.0390625,97240.1953125,97580.3515625,17047266288,0.0007320640697474623,97040.58928571429,100511.42526041667
2025-02-16,97580.4921875,97725.59375,96060.9765625,96175.03125,16536755396,-0.014401672980240199,96994.15178571429,100235.19166666667
2025-02-17,96179.0078125,97032.234375,95243.546875,95773.3828125,27336550690,-0.004176223623530095,96756.41294642857,99947.36875
2025-02-18,95773.8125,96695.375,93388.8359375,95539.546875,37325720482,-0.0024415545387781457,96726.71540178571,99762.36666666667
2025-02-19,95532.53125,96855.59375,95011.96875,96635.609375,28990872862,0.011472343504350446,96548.10825892857,99582.99817708334
2025-02-20,96632.6796875,98767.1953125,96442.671875,98333.9375,31668022771,0.017574558032842136,96792.40401785714,99322.58723958333
2025-02-21,98340.671875,99497.96875,94852.9609375,96125.546875,49608706470,-0.02245807176184722,96594.77232142857,99071.66979166666
2025-02-22,96134.203125,96950.15625,95765.34375,96577.7578125,18353824477,0.0047043783073406065,96451.54464285714,98825.58932291667
2025-02-23,96577.8046875,96671.875,95270.453125,96273.921875,16999478976,-0.0031460239332733453,96465.671875,98540.73723958334
2025-02-24,96277.9609375,96503.453125,91371.7421875,91418.171875,44046480529,-0.05043681513571874,95843.49888392857,98097.52135416666
2025-02-25,91437.1171875,92511.078125,86008.234375,88736.171875,92139104128,-0.029337712021491935,94871.58816964286,97632.64375
2025-02-26,88638.890625,89286.25,82131.8984375,84347.0234375,64597492134,-0.04946290046952739,93116.07589285714,97041.28828125
2025-02-27,84076.859375,87000.78125,83144.9609375,84704.2265625,52659591954,0.004234922709094535,91168.97433035714,96487.01328125
2025-02-28,84705.625,85036.3203125,78248.9140625,84373.0078125,83610570576,-0.003910297790814532,89490.04017857143,95842.67317708333
2025-03-01,84373.8671875,86522.3046875,83794.234375,86031.9140625,29190628396,0.019661575342751147,87983.49107142857,95219.22682291667
2025-03-02,86036.2578125,95043.4375,85040.2109375,94248.3515625,58398341092,0.09550452979612856,87694.12388392857,94947.33776041666
2025-03-03,94248.421875,94429.75,85081.3046875,86065.671875,70072228536,-0.08682040111941614,86929.48102678571,94460.99661458333
2025-03-04,86064.0703125,88911.2734375,81529.2421875,87222.1953125,68095241474,0.013437685575495406,86713.19866071429,94112.10390625
2025-03-05,87222.953125,90998.2421875,86379.7734375,90623.5625,50498988027,0.03899657851208138,87609.84709821429,93752.70859375
2025-03-06,90622.359375,92804.9375,87852.140625,89961.7265625,47749810486,-0.007303133084179958,88360.91852678571,93489.03880208333
2025-03-07,89963.28125,91191.046875,84717.6796875,86742.671875,65945677657,-0.0357824911826653,88699.44196428571,93159.94635416666
2025-03-08,86742.65625,86847.265625,85247.484375,86154.59375,18206118081,-0.006779571257010009,88716.96763392857,92811.98958333333
2025-03-09,86154.3046875,86471.1328125,80052.484375,80601.0390625,30899345977,-0.0644603432710168,86767.3515625,92281.0546875
2025-03-10,80597.1484375,83955.9296875,77420.59375,78532.0,54061099422,-0.02567012890361897,85691.11272321429,91682.70625
2025-03-11,78523.875,83577.7578125,76624.25,82862.2109375,54702837196,0.05513944554449135,85068.2578125,91228.11015625
2025-03-12,82857.375,84358.578125,80635.25,83722.359375,40353484454,0.010380466895202334,84082.37165178571,90770.93697916667
2025-03-13,83724.921875,84301.6953125,79931.8515625,81066.703125,31412940153,-0.0317197970748182,82811.65401785714,90281.57942708333
2025-03-14,81066.9921875,85263.2890625,80797.5625,83969.1015625,29588112414,0.03580259620308812,82415.4296875,89817.6875
2025-03-15,83968.40625,84672.671875,83639.59375,84343.109375,13650491277,0.004454112352525463,82156.64620535714,89408.32890625
2025-03-16,84333.3203125,85051.6015625,82017.90625,82579.6875,21330270174,-0.020907717157540473,82439.31026785714,88910.68619791667
2025-03-17,82576.3359375,84725.328125,82492.15625,84075.6875,25092785558,0.018115835083536647,83231.265625,88460.53072916667
2025-03-18,84075.71875,84075.71875,81179.9921875,82718.5,24095774594,-0.016142449028442418,83210.73549107143,88011.9796875
2025-03-19,82718.8046875,87021.1875,82569.7265625,86854.2265625,34931960257,0.049997601050550955,83658.14508928571,87714.67447916667
2025-03-20,86872.953125,87443.265625,83647.1953125,84167.1953125,29028988961,-0.030937253791171848,84101.07254464286,87335.59609375
2025-03-21,84164.5390625,84782.2734375,83171.0703125,84043.2421875,19030452299,-0.0014727011460912154,84111.6640625,86915.85052083334
2025-03-22,84046.2578125,84513.875,83674.78125,83832.484375,9863214091,-0.0025077306278807887,84038.71763392857,86432.46875
2025-03-23,83831.8984375,86094.78125,83794.9140625,86054.375,12594615537,0.026503933905394295,84535.1015625,86096.76302083333
2025-03-24,86070.9296875,88758.7265625,85541.1953125,87498.9140625,34582604933,0.016786352378946434,85024.13392857143,85794.13489583334
2025-03-25,87512.8203125,88542.3984375,86346.078125,87471.703125,30005840049,-0.0003109860024155253,85703.16294642857,85500.72760416666
2025-03-26,87460.234375,88292.15625,85861.453125,86900.8828125,26704046038,-0.00652577110204744,85709.828125,85350.15130208334
2025-03-27,86896.2578125,87786.7265625,85837.9375,87177.1015625,24413471941,0.003178549412391707,86139.81473214286,85298.18229166667
2025-03-28,87185.234375,87489.859375,83557.640625,84353.1484375,34198619509,-0.032393289916566204,86184.08705357143,85298.38645833333
2025-03-29,84352.0703125,84567.3359375,81634.140625,82597.5859375,16969396135,-0.020812056603918605,86007.67299107143,85228.16510416666
2025-03-30,82596.984375,83505.0,81573.25,82334.5234375,14763760943,-0.0031848691098436133,85476.265625,85160.215625
2025-03-31,82336.0625,83870.125,81293.890625,82548.9140625,29004228247,0.0026038970780313253,84769.12276785714,85044.115625
2025-04-01,82551.921875,85487.3671875,82429.359375,85169.171875,28175650319,0.0317418810684309,84440.18973214286,84741.47630208333
2025-04-02,85180.609375,88466.953125,82343.5390625,82485.7109375,47584398470,-0.031507420800550134,83809.45089285714,84622.14427083333
2025-04-03,82487.4765625,83909.296875,81282.1015625,83102.828125,36852112080,0.007481504135517403,83227.41183035714,84484.83203125
2025-04-04,83100.25,84696.1484375,81670.75,83843.8046875,45157640207,0.008916382019940938,83154.6484375,84258.84010416667
2025-04-05,83844.703125,84207.015625,82377.734375,83504.796875,14380803631,-0.004043325726492686,83284.25,84043.60911458333
2025-04-06,83504.5078125,83704.71875,77097.7421875,78214.484375,36294853736,-0.06335339642726368,82695.67299107143,83759.33619791667
2025-04-07,78221.3359375,81119.0625,74436.6796875,79235.3359375,91262424987,0.013051950296130821,82222.3046875,83528.69427083334
2025-04-08,79218.4765625,80823.890625,76198.0234375,76271.953125,48314590749,-0.03739976334343409,80951.2734375,83384.39140625
2025-04-09,76273.5625,83541.0,74589.671875,82573.953125,84213627038,0.0826253916648998,80963.87946428571,83519.12317708334
2025-04-10,82565.9765625,82700.9296875,78456.1328125,79626.140625,44718000633,-0.0356990599146636,80467.20982142857,83411.25416666667
2025-04-11,79625.046875,84247.4765625,78936.3203125,83404.8359375,41656778779,0.04745546227457886,80404.5,83400.67005208334
2025-04-12,83404.515625,85856.1875,82769.375,85287.109375,24258059104,0.022567917271733462,80659.11607142857,83541.35026041667
2025-04-13,85279.46875,86015.1875,83027.0078125,83684.9765625,28796984817,-0.01878516957885823,81440.61495535714,83531.87942708333
2025-04-14,83694.5234375,85785.0,83690.640625,84542.390625,34090769777,0.010245734631468162,82198.765625,83538.52213541667
2025-04-15,84539.6953125,86429.3515625,83598.8203125,83668.9921875,28040322885,-0.01033089354397465,83255.48549107143,83574.83229166667
2025-04-16,83674.5078125,85428.28125,83100.6171875,84033.8671875,29617804112,0.004360934564412222,83464.04464285714,83573.43828125
2025-04-17,84030.671875,85449.0703125,83749.75,84895.75,21276866029,0.01025637449930672,84216.84598214286,83646.01328125
2025-04-18,84900.1875,85095.046875,84298.8828125,84450.8046875,12728372364,-0.005241078764249063,84366.27008928571,83565.89921875
2025-04-19,84450.8671875,85597.703125,84353.4609375,85063.4140625,15259300427,0.007254038339443714,84334.31361607143,83595.77317708333
2025-04-20,85066.0703125,85306.3828125,83976.84375,85174.3046875,14664050812,0.0013036230231544543,84547.07477678571,83633.47526041667
2025-04-21,85171.5390625,88460.09375,85143.8359375,87518.90625,41396190190,0.027527099529631727,84972.29129464286,83756.35598958333
2025-04-22,87521.875,93817.3828125,87084.53125,93441.890625,55899038456,0.06767662701452015,86368.41964285714,84002.60651041666
2025-04-23,93427.5859375,94535.734375,91962.9609375,93699.109375,41719568821,0.0027527134594511615,87749.16852678571,84209.2796875
2025-04-24,93692.3984375,94016.1953125,91696.7109375,93943.796875,31483175315,0.0026114175645013393,89041.74665178571,84425.01614583333
2025-04-25,93954.25,95768.390625,92898.59375,94720.5,40915232364,0.008267742531563593,90508.84598214286,84685.67005208334
2025-04-26,94714.6484375,95251.359375,93927.25,94646.9296875,17612825123,-0.0007767095032226168,91877.91964285714,84934.66432291667
2025-04-27,94660.90625,95301.203125,93665.3984375,93754.84375,18090367764,-0.00942540809771053,93103.7109375,85248.05416666667
2025-04-28,93755.3046875,95598.4921875,92860.8046875,94978.75,32363449569,0.013054325526514532,94169.40290178571,85660.75963541666
2025-04-29,94981.859375,95485.4140625,93796.6328125,94284.7890625,25806129921,-0.007306486319308303,94289.81696428571,86059.10182291667
2025-04-30,94286.46875,95249.3203125,92979.640625,94207.3125,28344679831,-0.0008217291810309613,94362.41741071429,86447.71510416667
2025-05-01,94212.859375,97437.9609375,94153.6328125,96492.3359375,32875889623,0.02425526614507767,94726.49441964286,86825.15390625
2025-05-02,96494.96875,97905.8984375,96375.9453125,96910.0703125,26421924677,0.0043291974532626565,95039.29017857143,87305.96588541666
2025-05-03,96904.6328125,96943.8828125,95821.2890625,95891.796875,15775154889,-0.010507405827035687,95217.12834821429,87732.26484375
2025-05-04,95877.1875,96318.921875,94173.4296875,94315.9765625,18198688416,-0.016433317174712747,95297.29017857143,88081.33723958333
2025-05-05,94319.5625,95193.1875,93566.265625,94748.0546875,25816260327,0.0045811763897039,95264.33370535714,88456.1125
2025-05-06,94748.3828125,96889.1796875,93399.859375,96802.4765625,26551275827,0.02168299794413664,95624.00334821429,89075.71223958333
2025-05-07,96800.1953125,97625.8046875,95829.3359375,97032.3203125,76983822462,0.0023743581586117557,96027.57589285714,89668.94505208333
2025-05-08,97034.25,103969.5390625,96913.875,103241.4609375,69895404397,0.06399043746457878,96991.73660714286,90567.92864583334
2025-05-09,103239.125,104297.4921875,102343.09375,102970.8515625,58198593958,-0.002621130818400763,97857.5625,91247.82526041666
2025-05-10,102973.7109375,104961.765625,102830.484375,104696.328125,42276713994,0.016756941758927724,99115.35267857143,92083.49817708334
2025-05-11,104701.0703125,104937.9921875,103364.7421875,104106.359375,46285517406,-0.005635047193781384,100513.97879464286,92773.54895833334
2025-05-12,104106.9609375,105747.453125,100814.40625,102812.953125,63250475404,-0.01242389281274392,101666.10714285714,93357.74375
2025-05-13,102812.4921875,104997.421875,101515.09375,104169.8125,52608876410,0.013197358248725033,102718.58370535714,94040.57161458333
2025-05-14,104167.328125,104303.5625,102618.296875,103539.4140625,45956071155,-0.006051642240404331,103648.16852678571,94673.80572916666
2025-05-15,103538.828125,104153.6171875,101440.8125,103744.640625,50408241840,0.00198211052629782,103720.05133928571,95342.99401041666
2025-05-16,103735.65625,104533.484375,103137.4765625,103489.2890625,44386499364,-0.0024613470244020386,103794.11383928571,95991.50807291667
2025-05-17,103489.2890625,103716.9453125,102659.1796875,103191.0859375,37898552742,-0.0028814878109744146,103579.07924107143,96601.35260416666
2025-05-18,103186.953125,106597.171875,103142.6015625,106446.0078125,49887082058,0.03154266519659865,103913.31473214286,97334.52604166667
2025-05-19,106430.53125,107068.71875,102112.6875,105606.1796875,61761126647,-0.007889709931436006,104312.34709821429,98019.28489583333
2025-05-20,105605.40625,107307.1171875,104206.515625,106791.0859375,36515726122,0.011220046530480143,104686.81473214286,98739.84427083333
2025-05-21,106791.3125,110724.4609375,106127.234375,109678.078125,78086364051,0.027034018449719976,105563.76674107143,99478.48333333334
2025-05-22,109673.4921875,111970.171875,109285.0703125,111673.28125,70157575642,0.018191448638679386,106696.4296875,100086.19635416666
2025-05-23,111679.359375,111798.90625,106841.3046875,107287.796875,67548133399,-0.03927066820202352,107239.07366071429,100539.15260416667
2025-05-24,107278.5078125,109454.5234375,106895.2890625,107791.15625,45903627163,0.004691674073487251,107896.2265625,101000.73125
2025-05-25,107802.2734375,109313.3046875,106683.375,109035.390625,47518041841,0.011543009819045436,108266.13839285714,101477.89427083333
2025-05-26,109023.78125,110376.8828125,108735.640625,109440.3671875,45950461571,0.003714175371671846,108813.87946428571,101971.00885416666
2025-05-27,109440.40625,110744.2109375,107609.5546875,108994.640625,57450176272,-0.004072780217708405,109128.67299107143,102479.00208333334
2025-05-28,108992.171875,109298.2890625,106812.9296875,107802.328125,49155377493,-0.010939184653144474,108860.70870535714,102906.4546875
2025-05-29,107795.5703125,108910.046875,105374.3984375,105641.7578125,56022752042,-0.020041963379443528,107999.0625,103285.0203125
2025-05-30,105646.2109375,106308.9453125,103685.7890625,103998.5703125,57655287183,-0.015554336978341854,107529.17299107143,103611.39557291666
2025-05-31,103994.71875,104927.1015625,103136.1171875,104638.09375,38997843858,0.006149348357177731,107078.73549107143,103882.92083333334
2025-06-01,104637.296875,105884.546875,103826.953125,105652.1015625,37397056873,0.009690618169351017,106595.40848214286,104174.321875
2025-06-02,105649.8125,105958.3125,103727.546875,105881.53125,45819706290,0.0021715582000447764,106087.00334821429,104507.31302083333
2025-06-03,105888.4765625,106813.578125,104920.84375,105432.46875,46196508367,-0.004241178746647534,105578.12165178571,104877.86276041667
2025-06-04,105434.3671875,105997.6953125,104232.703125,104731.984375,44544857105,-0.0066439151364365845,105139.50111607143,105210.66041666667
2025-06-05,104750.78125,105936.6875,100436.8828125,101575.953125,57479298400,-0.030134359325224014,104558.671875,105369.77630208334
2025-06-06,101574.3671875,105376.7734375,101169.5703125,104390.34375,48856653697,0.027707252931573167,104614.63950892857,105615.04375
2025-06-07,104390.6484375,105972.7578125,103987.3125,105615.625,38365033776,0.011737496074678777,104754.28683035714,105694.18255208334
2025-06-08,105617.5078125,106497.0625,105075.328125,105793.6484375,36626232328,0.0016855786016509722,104774.5078125,105788.27578125
2025-06-09,105793.0234375,110561.421875,105400.234375,110294.1015625,55903193732,0.04253991795791734,105404.875,105974.86822916666
2025-06-10,110295.6875,110380.125,108367.7109375,110257.234375,54700101509,-0.0003342625487465778,106094.12723214286,106179.89739583334
2025-06-11,110261.796875,110384.21875,108086.328125,108686.625,50842662052,-0.014244955298426398,106659.07589285714,106375.68645833334
2025-06-12,108685.9140625,108780.6953125,105785.6875,105929.0546875,54843867968,-0.025371753999169577,107280.94754464286,106434.32786458333
2025-06-13,105924.59375,106182.546875,102822.0234375,106090.96875,69550440846,0.0015285141831733462,107523.89397321429,106519.3796875
2025-06-14,106108.0859375,106203.7578125,104379.3671875,105472.40625,38007870453,-0.0058304915798971235,107503.43415178571,106576.971875
2025-06-15,105464.84375,106157.1015625,104519.8828125,105552.0234375,36744307742,0.0007548627203146641,107468.91629464286,106645.7296875
2025-06-16,105555.59375,108915.375,104997.625,106796.7578125,50366626945,0.011792615001237072,106969.29575892857,106765.91875
2025-06-17,106794.1171875,107750.1953125,103396.53125,104601.1171875,55964092176,-0.020559056941174436,106161.27901785714,106704.42239583333
2025-06-18,104602.0703125,105581.8515625,103602.265625,104883.328125,47318089133,0.0026979724986506692,105617.95089285714,106680.32734375
2025-06-19,104886.7734375,105250.890625,103940.7734375,104684.2890625,37333806920,-0.0018977187896134229,105440.12723214286,106610.10078125
2025-06-20,104681.03125,106539.3828125,102372.2109375,103309.6015625,50951862476,-0.013131746055793259,105042.7890625,106397.81822916666
2025-06-21,103315.078125,104015.78125,100973.0625,102257.40625,38360555118,-0.010184874363913243,104583.50334821429,106083.95572916667
2025-06-22,102212.03125,103351.6328125,98286.203125,100987.140625,65536997201,-0.012422235919953284,103931.37723214286,105873.93385416667
2025-06-23,100987.4765625,106116.859375,99705.75,105577.7734375,65237759656,0.04545759771084712,103757.23660714286,105800.15442708334
2025-06-24,105571.515625,106316.828125,104740.2421875,106045.6328125,48822986421,0.004431419225533917,103963.59598214286,105700.49583333333
2025-06-25,106047.40625,108168.3984375,105881.390625,107361.2578125,51624120283,0.012406215749838134,104317.5859375,105631.1921875
2025-06-26,107375.0703125,108305.546875,106666.3515625,106960.0,43891990613,-0.003737454466123835,104642.6875,105563.37083333333
2025-06-27,106954.921875,107772.46875,106449.9921875,107088.4296875,45353692675,0.0012007263229245613,105182.52008928571,105539.57421875
2025-06-28,107090.546875,107567.8828125,106883.9765625,107327.703125,30037708335,0.002234353778444831,105906.84821428571,105595.77239583334
2025-06-29,107327.8203125,108526.3046875,107230.109375,108385.5703125,35534874438,0.009856422495764683,106963.76674107143,105742.00572916666
2025-06-30,108383.4375,108798.7890625,106759.6484375,107135.3359375,42064804590,-0.011535062936840146,107186.27566964286,105825.24713541666
2025-07-01,107144.3828125,107550.6796875,105270.2265625,105698.28125,44110692247,-0.013413452013053329,107136.65401785714,105826.78645833333
2025-07-02,105703.1015625,109763.65625,105157.3984375,108859.3203125,56248657737,0.02990624847553991,107350.66294642857,105926.04609375
2025-07-03,108845.015625,110541.4609375,108605.796875,109647.9765625,50494742270,0.007244728772290987,107734.65959821429,106066.56302083333
2025-07-04,109635.65625,109751.984375,107296.3828125,108034.3359375,42616442656,-0.014716556343200904,107869.7890625,106176.64140625
2025-07-05,108015.8359375,108381.34375,107842.2734375,108231.1796875,30615537520,0.0018220480395592098,107998.85714285714,106398.48229166666
2025-07-06,108231.1875,109731.625,107847.015625,109232.0703125,36746020463,0.009247710575546852,108119.78571428571,106559.87317708334
2025-07-07,109235.328125,109710.25,107527.0546875,108299.8515625,45415696597,-0.008534295352390808,108286.14508928571,106649.34739583333
2025-07-08,108298.2265625,109198.96875,107499.5546875,108950.2734375,44282204127,0.006005750382996888,108750.71540178571,106754.56822916666
2025-07-09,108950.2734375,111925.375,108357.6796875,111326.5546875,57927418065,0.021810695604753683,109103.17745535714,106788.98333333334
2025-07-10,111329.1953125,116608.78125,110660.75,115987.203125,95911605728,0.041864660687494615,110008.78125,106979.98229166666
2025-07-11,115986.234375,118856.4765625,115245.6875,117516.9921875,86928361085,0.013189291760499877,111363.44642857143,107274.32786458333
2025-07-12,117530.7109375,118219.8984375,116977.0234375,117435.2265625,45524560304,-0.0006957770402219454,112678.31026785714,107657.86692708333
2025-07-13,117432.203125,119449.5703125,117265.4375,119116.1171875,49021091807,0.014313342548076147,114090.31696428571,108092.03854166667
2025-07-14,119115.7890625,123091.609375,118959.1953125,119849.703125,181746419401,0.006158578325259345,115740.29575892857,108571.28177083333
2025-07-15,119853.8515625,119935.5625,115765.6875,117777.1875,98321661181,-0.01729262210051885,117001.28348214286,108978.78723958334
2025-07-16,117777.1875,120065.515625,117064.8203125,118738.5078125,72162029070,0.00816219450392297,118060.13392857143,109376.84557291666
2025-07-17,118738.5078125,120999.609375,117508.21875,119289.84375,72363841798,0.004643278306736054,118531.93973214286,109866.46979166666
2025-07-18,119284.109375,120851.9140625,116925.984375,118003.2265625,77945799785,-0.01078563897020779,118601.40178571429,110303.79973958334
2025-07-19,117998.125,118541.3984375,117388.4140625,117939.9765625,47564562765,-0.0005360022928398989,118673.50892857143,110745.65598958333
2025-07-20,117944.109375,118865.03125,116550.1328125,117300.7890625,57515447231,-0.00541960002562214,118414.17633928571,111212.02890625
2025-07-21,117306.46875,119671.5625,116584.3984375,117439.5390625,69820091744,0.0011828564931994912,118069.8671875,111718.1
2025-07-22,117426.5,120269.96875,116233.2265625,119995.4140625,79217583118,0.02176332622218302,118386.75669642857,112351.70911458334
2025-07-23,119997.4453125,120113.3515625,117391.390625,118754.9609375,66608604537,-0.010337504434577038,118389.10714285714,112790.94869791667
2025-07-24,118770.984375,119535.453125,117247.96875,118368.0,72627318560,-0.0032584822936673197,118257.41517857143,113201.69427083334
2025-07-25,118368.0,118486.9765625,114759.8203125,117635.8828125,104857024569,-0.006185093838706357,118204.9375,113544.18177083334
2025-07-26,117644.84375,118335.6875,117181.2265625,117947.3671875,48508954046,0.002647868724685587,118205.99330357143,113910.42734375
2025-07-27,117944.7265625,119815.59375,117859.6875,119448.4921875,54683390892,0.012727075099638885,118512.80803571429,114322.42942708333
2025-07-28,119457.5234375,119819.7890625,117441.4375,117924.4765625,64822943193,-0.012758768211219684,118582.08482142857,114675.65520833334
2025-07-29,117938.5859375,119273.8671875,116987.3671875,117922.1484375,68463107433,-1.9742508661990676e-05,118285.90401785714,114993.54114583334
2025-07-30,117921.9921875,118780.7265625,115800.828125,117831.1875,68896148592,-0.0007713643170961237,118153.93638392857,115350.06953125
2025-07-31,117833.6328125,118919.984375,115505.21875,115758.203125,69370346018,-0.017592832754910526,117781.10825892857,115685.40026041666
2025-08-01,115738.953125,116060.7734375,112724.4453125,113320.0859375,91294530181,-0.021062154747402473,117164.56584821429,115834.09244791667
2025-08-02,113320.390625,114021.6015625,112005.765625,112526.9140625,56870866000,-0.006999393518263508,116390.21540178571,115930.05703125
2025-08-03,112525.8046875,114747.421875,111943.8046875,114217.671875,48099615826,0.015025363723748075,115642.95535714286,116136.16822916667
2025-08-04,114223.921875,115729.46875,114130.40625,115071.8828125,35783028986,0.007478798363486527,115235.44196428571,116364.19166666667
2025-08-05,115072.1875,115117.4375,112701.109375,114141.4453125,61039182286,-0.008085706753543476,114695.34151785714,116527.8375
2025-08-06,114140.9140625,115737.8359375,113372.25,115028.0,56379133510,0.007767158415357134,114294.88616071429,116752.10911458333
2025-08-07,115030.0546875,117676.90625,114279.7109375,117496.8984375,64051649681,0.021463456180234486,114543.27120535714,117036.99661458333
2025-08-08,117505.5,117689.203125,115917.4609375,116688.7265625,59713005166,-0.0068782400705657,115024.50558035714,117215.73567708333
2025-08-09,116678.2734375,117906.609375,116363.8359375,116500.359375,54004312429,-0.0016142706587778388,115592.140625,117232.84088541666
2025-08-10,116497.71875,119320.7109375,116485.1640625,119306.7578125,64755458694,0.02408918266480664,116319.15290178571,117292.49973958333
2025-08-11,119306.8125,122321.09375,118159.03125,118731.4453125,90528784177,-0.004822128356753663,116841.94754464286,117335.70703125
2025-08-12,118717.6640625,120302.46875,118228.71875,120172.90625,72803657984,0.012140515376580119,117703.58482142857,117370.93333333333
2025-08-13,120168.9765625,123682.453125,118939.6328125,123344.0625,90904808795,0.026388279596092357,118891.59375,117487.41197916666
2025-08-14,123339.3984375,124457.1171875,117254.8828125,118359.578125,104055627395,-0.040411222672351976,119014.83370535714,117506.825
2025-08-15,118365.78125,119332.3125,116864.5703125,117398.3515625,68665353159,-0.008121240187970669,119116.20870535714,117462.153125
2025-08-16,117398.421875,117996.0625,117271.953125,117491.3515625,48036922378,0.0007921746665282559,119257.77901785714,117402.20338541667
2025-08-17,117492.7890625,118595.7734375,117279.5234375,117453.0625,45852169525,-0.00032588834829794244,118992.96540178571,117383.86458333333
2025-08-18,117453.90625,117614.171875,114723.6796875,116252.3125,72787808090,-0.01022323279139703,118638.80357142857,117327.60911458333
2025-08-19,116241.859375,116764.5,112730.3984375,112831.1796875,71657600353,-0.029428514056440758,117589.98549107143,117178.62213541666
2025-08-20,112828.0234375,114625.796875,112387.9609375,114274.7421875,67993811526,0.012794003430595335,116294.36830357143,117073.12890625
2025-08-21,114275.6875,114802.6484375,111986.234375,112419.03125,57817883700,-0.01623902974513114,115445.71875,116820.5828125
2025-08-22,112433.734375,117377.3984375,111678.9453125,116874.0859375,82528088240,0.03962900798880531,115370.82366071429,116757.88697916667
2025-08-23,116866.3671875,116996.25,114536.109375,115374.328125,55377142586,-0.012832252765613172,115068.39174107143,116658.09791666667
2025-08-24,115387.390625,115615.0859375,111060.546875,113458.4296875,73961489632,-0.016605933647771742,114497.72991071429,116518.84947916666
2025-08-25,113456.8984375,113637.84375,109324.28125,110124.3515625,85706860190,-0.029385900493979156,113622.30691964286,116258.08229166667
2025-08-26,110124.1015625,112397.015625,108762.0390625,111802.65625,69396320317,0.015240086898922645,113475.375,116003.22109375
2025-08-27,111795.7109375,112619.4140625,110398.265625,111222.0625,62137056409,-0.005193022862549412,113039.27790178571,115779.80729166667
2025-08-28,111219.0546875,113450.078125,110900.921875,112544.8046875,58860155962,0.01189280397942638,113057.24553571429,115600.5625
2025-08-29,112550.5234375,112619.0546875,107559.625,108410.8359375,77843379644,-0.036731759955323295,111848.20982142857,115286.55078125
2025-08-30,108409.40625,108929.3515625,107444.4453125,108808.0703125,51486264208,0.003664157476186425,110910.17299107143,115054.8796875
2025-08-31,108818.4609375,109491.0,108104.65625,108236.7109375,47986191770,-0.00525107534173741,110164.21316964286,114885.43385416667
2025-09-01,108228.75,109890.5859375,107271.1796875,109250.59375,66870372995,0.009367272930950854,110039.390625,114776.22317708333
2025-09-02,109243.0703125,111748.015625,108454.03125,111200.5859375,74776999491,0.017848801737061493,109953.38058035714,114675.65364583333
2025-09-03,111190.6953125,112600.2265625,110582.9609375,111723.2109375,61119643565,0.004699840343410866,110024.97321428571,114564.03125
2025-09-04,111718.1484375,112208.328125,109347.2265625,110723.6015625,60131132901,-0.008947195185422974,109764.80133928571,114450.103125
2025-09-05,110723.015625,113357.4921875,110233.3984375,110650.984375,60241647677,-0.0006558419928113235,110084.82254464286,114304.20260416667
2025-09-06,110650.5703125,111275.015625,110024.0859375,110224.6953125,21500719036,-0.0038525555367432407,110287.19754464286,114061.79583333334
2025-09-07,110221.328125,111591.078125,110211.625,111167.6171875,24618007520,0.008554542812086785,110705.8984375,113877.75885416666
2025-09-08,111163.015625,112869.234375,110630.609375,112071.4296875,40212813407,0.008130177859939192,111108.875,113730.12786458334
2025-09-09,112077.578125,113225.4375,110776.703125,111530.546875,45984480722,-0.004826232823193166,111156.01227678571,113470.92083333334
2025-09-10,111531.25,114275.25,110940.078125,113955.359375,56377473784,0.02174124101370767,111474.890625,113311.71796875
2025-09-11,113961.4296875,115522.546875,113453.8359375,115507.5390625,45685065332,0.013620945043858246,112158.31026785714,113156.20572916667
2025-09-12,115507.7890625,116769.3828125,114794.484375,116101.578125,54785725894,0.005142859655061782,112936.96651785714,112914.78958333333
2025-09-13,116093.5625,116334.6328125,115248.2734375,115950.5078125,34549454947,-0.0013011908618274504,113754.93973214286,112834.48723958334
2025-09-14,115950.2890625,116181.5,115222.3984375,115407.65625,32798036057,-0.004681752350561785,114360.65959821429,112768.13072916666
2025-09-15,115399.6328125,116747.8828125,114461.0625,115444.875,52937859416,0.0003224981011604733,114842.58035714286,112699.91484375
2025-09-16,115423.7578125,117005.2734375,114813.09375,116843.1875,45781744593,0.012112382641498831,115601.52901785714,112679.58567708333
2025-09-17,116840.5078125,117328.609375,114794.9765625,116468.5078125,60528025996,-0.0032066883445814875,115960.55022321429,112686.7921875
2025-09-18,116461.265625,117911.7890625,116188.796875,117137.203125,49457272032,0.005741425944741474,116193.359375,112830.32630208334
2025-09-19,117137.671875,117479.7578125,115141.8203125,115688.859375,38828473971,-0.012364506846338497,116134.39955357143,112877.46354166667
2025-09-20,115691.125,116191.1484375,115473.5234375,115721.9609375,22864449614,0.0002861257573012477,116101.75,112987.56119791667
2025-09-21,115730.2265625,115901.0859375,115252.578125,115306.09375,22495852193,-0.003593675600818802,116087.24107142857,112935.29479166666
2025-09-22,115309.21875,115431.3125,112037.6484375,112748.5078125,70684158591,-0.02218083931492132,115702.04575892857,112847.76744791666
2025-09-23,112757.4765625,113351.9140625,111535.5703125,112014.5,47211853279,-0.00651013327573835,115012.23325892857,112799.63645833333
2025-09-24,112007.6640625,113986.2734375,111229.640625,113328.6328125,48044595085,0.011731809832655538,114563.6796875,112906.44583333333
2025-09-25,113330.1640625,113541.0859375,108713.3984375,109049.2890625,75528654284,-0.03776048156409062,113408.26339285714,112814.66692708334
2025-09-26,109041.296875,110359.1953125,108728.9765625,109712.828125,57738288949,0.0060847628462732395,112554.54464285714,112764.35911458333
2025-09-27,109707.140625,109778.5,109144.296875,109681.9453125,26308042910,-0.0002814877077529365,111691.68526785714,112668.93046875
2025-09-28,109681.9453125,112375.484375,109236.9453125,112122.640625,33371048505,0.02225248016477188,111236.90625,112792.65729166666
2025-09-29,112117.875,114473.5703125,111589.953125,114400.3828125,60000147466,0.02031473906432546,111472.88839285714,112979.06770833333
2025-09-30,114396.5234375,114836.6171875,112740.5625,114056.0859375,58986330258,-0.003009577997342028,111764.54352678571,113173.046875
2025-10-01,114057.59375,118648.9296875,113981.3984375,118648.9296875,71328680132,0.04026829179914837,112524.5859375,113486.32473958333
2025-10-02,118652.3828125,121086.40625,118383.15625,120681.2578125,71415163912,0.017128920845327356,114186.29575892857,113802.34713541667
2025-10-03,120656.984375,123944.703125,119344.3125,122266.53125,83941392228,0.013136036748664148,115979.68191964286,114153.79114583334
2025-10-04,122267.46875,122857.640625,121577.5703125,122425.4296875,36769171735,0.001299606980548873,117800.1796875,114543.85208333333
2025-10-05,122419.671875,125559.2109375,122191.9609375,123513.4765625,73689317763,0.008887425412982486,119427.44196428571,114972.60182291667
2025-10-06,123510.453125,126198.0703125,123196.046875,124752.53125,72568881188,0.010031736794915869,120906.3203125,115456.86302083333
2025-10-07,124752.140625,125184.0234375,120681.96875,121451.3828125,76149412513,-0.026461574802715715,121962.79129464286,115799.65520833334
2025-10-08,121448.3515625,124167.09375,121119.1796875,123354.8671875,65354305286,0.01567280940669602,122635.06808035714,116175.76979166667
2025-10-09,123337.0703125,123739.34375,119812.03125,121705.5859375,74653009425,-0.013370216251727518,122781.40066964286,116514.93776041667
2025-10-10,121704.7421875,122509.6640625,104582.4140625,113214.3671875,153125018868,-0.06976852117831744,121488.234375,116490.23802083333
2025-10-11,113236.4296875,113429.7265625,109760.5625,110807.8828125,110236934340,-0.02125599811033263,119828.58482142857,116333.5828125
2025-10-12,110811.515625,115805.0625,109715.5390625,115169.765625,93710414091,0.03936437283871608,118636.62611607143,116302.52239583334
2025-10-13,115161.6796875,116020.484375,113821.1875,115271.078125,71582026739,0.000879679657679322,117282.1328125,116279.87473958333
2025-10-14,115264.8828125,115502.8828125,110029.484375,113118.6640625,92212917403,-0.01867262888064536,116091.74441964286,116203.575
2025-10-15,113113.96875,113622.3828125,110235.8359375,110783.1640625,72574132855,-0.02064646024028005,114295.78683035714,116048.18463541666
2025-10-16,110782.171875,111990.8125,107537.03125,108186.0390625,87306423067,-0.023443318504017374,112364.42299107143,115759.61302083333
2025-10-17,108179.1328125,109235.8046875,103598.4296875,106467.7890625,99703051669,-0.01588236351834038,111400.62611607143,115426.25572916666
2025-10-18,106483.734375,107490.984375,106387.453125,107198.265625,37779905278,0.006861009972426446,110884.96651785714,115094.9578125
2025-10-19,107204.3125,109488.9921875,106157.7890625,108666.7109375,47657008953,0.013698405510000455,109955.95870535714,114860.88619791667
2025-10-20,108667.4453125,111711.03125,107485.015625,110588.9296875,63507793085,0.01768912239467313,109287.08035714286,114689.78515625
2025-10-21,110587.6328125,113996.34375,107534.75,108476.890625,101194375480,-0.019098105646452646,108623.96986607143,114462.14505208333
2025-10-22,108491.53125,109115.1328125,106778.0,107688.5859375,80807013218,-0.007267028792566799,108181.88727678571,114293.48098958333
2025-10-23,107679.4375,111288.59375,107548.4296875,110069.7265625,54944076060,0.022111355667553845,108450.98549107143,114228.65520833334
2025-10-24,110069.3515625,111842.53125,109770.1484375,111033.921875,48160816980,0.008759859251149305,109103.29017857143,114152.16484375
2025-10-25,111032.6171875,111947.703125,110704.40625,111641.7265625,24707667305,0.005474045023684315,109738.0703125,114238.57942708333
2025-10-26,111639.0546875,115260.90625,111268.484375,114472.4453125,41708524143,0.025355383127430242,110567.4609375,114397.23333333334
2025-10-27,114479.8515625,116273.3125,113882.2890625,114119.328125,61761358733,-0.0030847352525406047,111071.80357142857,114545.14609375
2025-10-28,114129.0859375,116078.984375,112291.6796875,112956.1640625,64528066504,-0.01019252462848308,111711.69977678571,114572.93020833333
2025-10-29,112921.328125,113642.7265625,109368.71875,110055.3046875,62192043469,-0.025681284408657135,112049.80245535714,114428.09427083333
2025-10-30,110059.1953125,111612.3515625,106376.6875,108305.546875,69673964814,-0.015898895718551742,111797.77678571429,114236.40963541667
2025-10-31,108304.4140625,111031.8203125,108288.2734375,109556.1640625,60090359560,0.011547120379193476,111586.66852678571,113933.31744791666
2025-11-01,109558.625,110574.8984375,109372.953125,110064.015625,25871668762,0.004635536182247879,111361.28125,113579.409375
2025-11-02,110064.4296875,111167.3125,109523.453125,110639.625,34284209459,0.005229768982454308,110813.73549107143,113191.84583333334
2025-11-03,110646.90625,110764.9140625,105336.359375,106547.5234375,72852006359,-0.03698585893164408,109732.04910714286,112662.58229166667
2025-11-04,106541.421875,107264.8828125,98962.0625,101590.5234375,110967184773,-0.046523840630681046,108108.38616071429,111931.8171875
2025-11-05,101579.234375,104534.703125,98989.9140625,103891.8359375,77584934804,0.02265282648549194,107227.890625,111236.46067708333
2025-11-06,103893.6640625,104147.3046875,100336.8671875,101301.2890625,63932752861,-0.02493503798083263,106227.28236607143,110564.79088541666
2025-11-07,101286.2421875,104052.9140625,99257.0546875,103372.40625,92168030081,0.020445121741957006,105343.88839285714,109898.70885416666
2025-11-08,103371.703125,103373.5625,101458.0390625,102282.1171875,51446691095,-0.010547196317199026,104232.18861607143,109251.25989583334
2025-11-09,102278.984375,105418.3671875,101468.875,104719.640625,59679243013,0.02383137448193029,103386.4765625,108968.10234375
2025-11-10,104723.7734375,106564.6953125,104350.6484375,105996.59375,69585887229,0.012194017448672767,103307.77232142857,108807.72604166667
2025-11-11,105986.1796875,107244.6875,102962.5859375,103138.7421875,71293050880,-0.026961730197108347,103528.94642857143,108406.69192708333
